Workbook

Sheet 📊 Dashboard
A2: MicroStrategy / Strategy One — AI Feature Test Tracker
A4: December 2025 Release | Workstation Version | Enterprise BI Test Cases
A6: TOTAL TESTS | C6: PASSED ✓ | E6: FAILED ✗ | G6: PARTIAL ⚠ | I6: NOT TESTED | K6: PASS RATE %
A7: =COUNTA('🤖 Agents'!A3:A100)+COUNTA('📊 Auto Dashboard'!A3:A50)+COUNTA('📝 Narratives & Summary'!A3:A50)+COUNTA('🔮 HyperIntelligence'!A3:A30)+COUNTA('🌐 Universal Agent'!A3:A30)+COUNTA('📄 Mosaic & Models'!A3:A30)+COUNTA('🏛️ Sentinel & Govern'!A3:A20)+COUNTA('🔊 Voice & MCP'!A3:A20) -> 69 | C7: =COUNTIF('🤖 Agents'!I3:I100,"PASS")+COUNTIF('📊 Auto Dashboard'!I3:I50,"PASS")+COUNTIF('📝 Narratives & Summary'!I3:I50,"PASS")+COUNTIF('🔮 HyperIntelligence'!I3:I30,"PASS")+COUNTIF('🌐 Universal Agent'!I3:I30,"PASS")+COUNTIF('📄 Mosaic & Models'!I3:I30,"PASS")+COUNTIF('🏛️ Sentinel & Govern'!I3:I20,"PASS")+COUNTIF('🔊 Voice & MCP'!I3:I20,"PASS") -> 0 | E7: =COUNTIF('🤖 Agents'!I3:I100,"FAIL")+COUNTIF('📊 Auto Dashboard'!I3:I50,"FAIL")+COUNTIF('📝 Narratives & Summary'!I3:I50,"FAIL")+COUNTIF('🔮 HyperIntelligence'!I3:I30,"FAIL")+COUNTIF('🌐 Universal Agent'!I3:I30,"FAIL")+COUNTIF('📄 Mosaic & Models'!I3:I30,"FAIL")+COUNTIF('🏛️ Sentinel & Govern'!I3:I20,"FAIL")+COUNTIF('🔊 Voice & MCP'!I3:I20,"FAIL") -> 0 | G7: =COUNTIF('🤖 Agents'!I3:I100,"PARTIAL")+COUNTIF('📊 Auto Dashboard'!I3:I50,"PARTIAL")+COUNTIF('📝 Narratives & Summary'!I3:I50,"PARTIAL")+COUNTIF('🔮 HyperIntelligence'!I3:I30,"PARTIAL")+COUNTIF('🌐 Universal Agent'!I3:I30,"PARTIAL")+COUNTIF('📄 Mosaic & Models'!I3:I30,"PARTIAL")+COUNTIF('🏛️ Sentinel & Govern'!I3:I20,"PARTIAL")+COUNTIF('🔊 Voice & MCP'!I3:I20,"PARTIAL") -> 0 | I7: =COUNTIF('🤖 Agents'!I3:I100,"PENDING")+COUNTIF('📊 Auto Dashboard'!I3:I50,"PENDING")+COUNTIF('📝 Narratives & Summary'!I3:I50,"PENDING")+COUNTIF('🔮 HyperIntelligence'!I3:I30,"PENDING")+COUNTIF('🌐 Universal Agent'!I3:I30,"PENDING")+COUNTIF('📄 Mosaic & Models'!I3:I30,"PENDING")+COUNTIF('🏛️ Sentinel & Govern'!I3:I20,"PENDING")+COUNTIF('🔊 Voice & MCP'!I3:I20,"PENDING") -> 69 | K7: =IFERROR(C7/(C7+E7+G7)*100,0)&"%" -> 0%
A11: FEATURE COVERAGE SUMMARY
A12: Feature Area | B12: Sheet | C12: Total Tests | D12: Pass | E12: Fail | F12: Partial | G12: Pending | H12: Pass Rate | I12: Status | J12: Notes
A13: Strategy Agents (NLP to Answer) | B13: 🤖 Agents | C13: =COUNTA('🤖 Agents'!A3:A100) -> 15 | D13: =COUNTIF('🤖 Agents'!I3:I100,"PASS") -> 0 | E13: =COUNTIF('🤖 Agents'!I3:I100,"FAIL") -> 0 | F13: =COUNTIF('🤖 Agents'!I3:I100,"PARTIAL") -> 0 | G13: =COUNTIF('🤖 Agents'!I3:I100,"PENDING") -> 15 | H13: =IFERROR(D13/(C13)*100,0) -> 0 | I13: =IF(G13=C13,"⏳ Not Started",IF(E13>0,"🔴 Issues Found",IF(F13>0,"🟡 Partially Working","🟢 All Passing"))) -> ⏳ Not Started | J13: Core NL to answer feature
A14: Auto Dashboard | B14: 📊 Auto Dashboard | C14: =COUNTA('📊 Auto Dashboard'!A3:A50) -> 8 | D14: =COUNTIF('📊 Auto Dashboard'!I3:I50,"PASS") -> 0 | E14: =COUNTIF('📊 Auto Dashboard'!I3:I50,"FAIL") -> 0 | F14: =COUNTIF('📊 Auto Dashboard'!I3:I50,"PARTIAL") -> 0 | G14: =COUNTIF('📊 Auto Dashboard'!I3:I50,"PENDING") -> 8 | H14: =IFERROR(D14/(C14)*100,0) -> 0 | I14: =IF(G14=C14,"⏳ Not Started",IF(E14>0,"🔴 Issues Found",IF(F14>0,"🟡 Partially Working","🟢 All Passing"))) -> ⏳ Not Started | J14: AI-generated dashboards
A15: Auto Narratives & Summary | B15: 📝 Narratives & Summary | C15: =COUNTA('📝 Narratives & Summary'!A3:A50) -> 10 | D15: =COUNTIF('📝 Narratives & Summary'!I3:I50,"PASS") -> 0 | E15: =COUNTIF('📝 Narratives & Summary'!I3:I50,"FAIL") -> 0 | F15: =COUNTIF('📝 Narratives & Summary'!I3:I50,"PARTIAL") -> 0 | G15: =COUNTIF('📝 Narratives & Summary'!I3:I50,"PENDING") -> 10 | H15: =IFERROR(D15/(C15)*100,0) -> 0 | I15: =IF(G15=C15,"⏳ Not Started",IF(E15>0,"🔴 Issues Found",IF(F15>0,"🟡 Partially Working","🟢 All Passing"))) -> ⏳ Not Started | J15: Plain English summaries on charts
A16: HyperIntelligence | B16: 🔮 HyperIntelligence | C16: =COUNTA('🔮 HyperIntelligence'!A3:A30) -> 8 | D16: =COUNTIF('🔮 HyperIntelligence'!I3:I30,"PASS") -> 0 | E16: =COUNTIF('🔮 HyperIntelligence'!I3:I30,"FAIL") -> 0 | F16: =COUNTIF('🔮 HyperIntelligence'!I3:I30,"PARTIAL") -> 0 | G16: =COUNTIF('🔮 HyperIntelligence'!I3:I30,"PENDING") -> 8 | H16: =IFERROR(D16/(C16)*100,0) -> 0 | I16: =IF(G16=C16,"⏳ Not Started",IF(E16>0,"🔴 Issues Found",IF(F16>0,"🟡 Partially Working","🟢 All Passing"))) -> ⏳ Not Started | J16: Browser overlay + Agent cards
A17: Universal Agent | B17: 🌐 Universal Agent | C17: =COUNTA('🌐 Universal Agent'!A3:A30) -> 7 | D17: =COUNTIF('🌐 Universal Agent'!I3:I30,"PASS") -> 0 | E17: =COUNTIF('🌐 Universal Agent'!I3:I30,"FAIL") -> 0 | F17: =COUNTIF('🌐 Universal Agent'!I3:I30,"PARTIAL") -> 0 | G17: =COUNTIF('🌐 Universal Agent'!I3:I30,"PENDING") -> 7 | H17: =IFERROR(D17/(C17)*100,0) -> 0 | I17: =IF(G17=C17,"⏳ Not Started",IF(E17>0,"🔴 Issues Found",IF(F17>0,"🟡 Partially Working","🟢 All Passing"))) -> ⏳ Not Started | J17: Multi-agent routing
A18: Mosaic Models & Semantic Layer | B18: 📄 Mosaic & Models | C18: =COUNTA('📄 Mosaic & Models'!A3:A30) -> 8 | D18: =COUNTIF('📄 Mosaic & Models'!I3:I30,"PASS") -> 0 | E18: =COUNTIF('📄 Mosaic & Models'!I3:I30,"FAIL") -> 0 | F18: =COUNTIF('📄 Mosaic & Models'!I3:I30,"PARTIAL") -> 0 | G18: =COUNTIF('📄 Mosaic & Models'!I3:I30,"PENDING") -> 8 | H18: =IFERROR(D18/(C18)*100,0) -> 0 | I18: =IF(G18=C18,"⏳ Not Started",IF(E18>0,"🔴 Issues Found",IF(F18>0,"🟡 Partially Working","🟢 All Passing"))) -> ⏳ Not Started | J18: Mosaic semantic data models
A19: Sentinel & Governance | B19: 🏛️ Sentinel & Govern | C19: =COUNTA('🏛️ Sentinel & Govern'!A3:A20) -> 6 | D19: =COUNTIF('🏛️ Sentinel & Govern'!I3:I20,"PASS") -> 0 | E19: =COUNTIF('🏛️ Sentinel & Govern'!I3:I20,"FAIL") -> 0 | F19: =COUNTIF('🏛️ Sentinel & Govern'!I3:I20,"PARTIAL") -> 0 | G19: =COUNTIF('🏛️ Sentinel & Govern'!I3:I20,"PENDING") -> 6 | H19: =IFERROR(D19/(C19)*100,0) -> 0 | I19: =IF(G19=C19,"⏳ Not Started",IF(E19>0,"🔴 Issues Found",IF(F19>0,"🟡 Partially Working","🟢 All Passing"))) -> ⏳ Not Started | J19: Mosaic Sentinel audit & compliance
A20: Voice & MCP Integration | B20: 🔊 Voice & MCP | C20: =COUNTA('🔊 Voice & MCP'!A3:A20) -> 7 | D20: =COUNTIF('🔊 Voice & MCP'!I3:I20,"PASS") -> 0 | E20: =COUNTIF('🔊 Voice & MCP'!I3:I20,"FAIL") -> 0 | F20: =COUNTIF('🔊 Voice & MCP'!I3:I20,"PARTIAL") -> 0 | G20: =COUNTIF('🔊 Voice & MCP'!I3:I20,"PENDING") -> 7 | H20: =IFERROR(D20/(C20)*100,0) -> 0 | I20: =IF(G20=C20,"⏳ Not Started",IF(E20>0,"🔴 Issues Found",IF(F20>0,"🟡 Partially Working","🟢 All Passing"))) -> ⏳ Not Started | J20: AI Voice + MCP protocol
A21: TOTAL | C21: =SUM(C13:C20) -> 69 | D21: =SUM(D13:D20) -> 0 | E21: =SUM(E13:E20) -> 0 | F21: =SUM(F13:F20) -> 0 | G21: =SUM(G13:G20) -> 69 | H21: =IFERROR(D21/C21*100,0) -> 0
A24: STATUS LEGEND
A25: PASS | B25: Feature works as expected — meets all acceptance criteria
A26: FAIL | B26: Feature does not work or produces wrong output
A27: PARTIAL | B27: Feature works but not fully — needs improvement or workaround
A28: NOT UP TO MARK | B28: Feature works but quality/accuracy is below acceptable threshold
A29: BLOCKED | B29: Cannot test — dependency missing (browser extension, license, config)
A30: PENDING | B30: Not yet tested — fill this in as you test
A32: TESTER INFO
A33: Tester Name:
A34: Environment:
A35: MSTR Version:
A36: Test Start Date:
A37: Test End Date:
A38: Project / Dataset:

Sheet 🤖 Agents
A1: Agents — Test Cases
A2: Test ID | B2: Feature | C2: Test Case Name | D2: Pre-conditions | E2: Test Steps | F2: Input / Query Text | G2: Expected Result | H2: Actual Result / Observation | I2: Status | J2: Severity | K2: Notes & Observations
A3: AG-01 | B3: Strategy Agents | C3: Basic single metric answer | D3: Agent configured with revenue dataset. Dataset AI-enabled in Workstation. | E3: 1. Open Agent in Library 2. Type the input query 3. Observe response | F3: What is our total total revenue for 2025? | G3: Single KPI answer returned with correct dollar amount. Chart type = KPI card. Narrative included explaining the number. | I3: PENDING | J3: High
A4: AG-02 | B4: Strategy Agents | C4: Segmentation by dimension | D4: Agent configured with product category dimension and revenue measure. | E4: 1. Open Agent 2. Type query 3. Verify chart type and data breakdown | F4: Show me total revenue by product category for 2025 | G4: Bar chart returned breaking revenue into Product Line A, Product Line B, Product C, etc. All categories visible. Chart labeled correctly. | I4: PENDING | J4: High
A5: AG-03 | B5: Strategy Agents | C5: Ratio / calculated metric | D5: Agent has both incurred cost cost and recognized revenue in dataset. | E5: 1. Open Agent 2. Type query 3. Check if ratio is calculated correctly | F5: What is our cost ratio for product line A this year? | G5: Returns cost ratio as percentage (e.g. 73.4%). Shows incurred cost cost and recognized revenue used in calculation. AI Explainability shows formula. | I5: PENDING | J5: High
A6: AG-04 | B6: Strategy Agents | C6: Multi-turn conversation — drill down | D6: Agent supports conversation history. Prior query returned Product Category breakdown. | E6: 1. First ask AG-02 2. Then ask follow-up without restating context | F6: Now break that down by region | G6: Agent maintains context from previous query. Returns same metric (revenue by product category) now further broken down by region without restating original question. | I6: PENDING | J6: High
A7: AG-05 | B7: Strategy Agents | C7: Ambiguous business term handling | D7: Agent has business term annotations configured (or not). Test both scenarios. | E7: 1. Type ambiguous query 2. Observe if Agent asks for clarification OR interprets correctly | F7: Show me our active book | G7: SCENARIO A (annotations exist): Agent correctly maps 'active book' to records with status=ACTIVE. SCENARIO B (no annotation): Agent asks clarifying question: 'Did you mean active records? What status field defines active?' | I7: PENDING | J7: High
A8: AG-06 | B8: Strategy Agents | C8: Time intelligence — YTD vs prior year | D8: Dataset has date dimension. Mosaic AI-native time intelligence enabled. | E8: 1. Type query with time comparison 2. Check if correct date range used 3. Verify comparison period is correct | F8: How does our YTD revenue compare to the same period last year? | G8: Returns two values: current YTD and prior YTD to same date. Shows % change. Date ranges scoped correctly to today's date for current year and exact same period last year. | I8: PENDING | J8: High
A9: AG-07 | B9: Strategy Agents | C9: Ranking / Top N | D9: Agent has sales rep name dimension and new business revenue measure. | E9: 1. Type ranking query 2. Verify sort order 3. Check count is correct | F9: Who are our top 10 sales reps by new business revenue this year? | G9: Returns table of exactly 10 agents sorted descending by revenue. Sales rep names correct. No duplicates. Shows revenue for each. | I9: PENDING | J9: High
A10: AG-08 | B10: Strategy Agents | C10: Complex multi-filter query | D10: Dataset has cost ratio, product category, and end date fields. | E10: 1. Type complex filter query 2. Verify all three filter conditions applied correctly 3. Check result count seems reasonable | F10: Show me product category transactions with cost ratio above 100% that renew in the next 90 days | G10: Returns filtered result set meeting ALL THREE criteria simultaneously: Product Category = product line A AND cost ratio > 100% AND end date within 90 days of today. | I10: PENDING | J10: High
A11: AG-09 | B11: Strategy Agents | C11: 24-month trend line | D11: Dataset has at least 24 months of historical data with date grain at monthly level. | E11: 1. Type trend query 2. Verify time axis has 24 data points 3. Check chart type is line | F11: Show me our cost ratio trend by month for the last 24 months | G11: Line chart returned with exactly 24 monthly data points. X-axis shows month labels. Trend line or area visible. Most recent month is current month. | I11: PENDING | J11: High
A12: AG-10 | B12: Strategy Agents | C12: Cross-metric scatter / comparison | D12: Agent has both revenue volume and cost ratio measures by business segment. | E12: 1. Type query asking for two metrics simultaneously 2. Observe chart type selected | F12: Which business segments have both high revenue volume and high cost ratio? | G12: Scatter plot or bubble chart returned with revenue on one axis and cost ratio on other. Each bubble/point = one business segment. High-risk quadrant visible. | I12: PENDING | J12: High
A13: AG-11 | B13: Strategy Agents | C13: AI Explainability — show reasoning | D13: AI Explainability feature enabled in Strategy One settings. | E13: 1. Ask any query 2. Look for Explainability option in response 3. Click to expand reasoning | F13: What is our renewal retention rate for product line B? | G13: Explainability panel shows: (1) what Agent interpreted the question to mean, (2) which dataset and columns used, (3) how the metric was calculated. User can verify AI did not hallucinate metric definition. | I13: PENDING | J13: High
A14: AG-12 | B14: Strategy Agents | C14: User feedback / personalization | D14: Agent supports user-level feedback (individual feedback feature). | E14: 1. Ask query using abbreviation 2. Agent gives wrong interpretation 3. Provide feedback to correct it 4. Ask same query again | F14: Show me CL revenue for Q4 [Feedback: CL means Product Line A, not Costs] | G14: After feedback, Agent correctly interprets 'CL' as Product Line A for this user. Personalization persists in subsequent sessions. | I14: PENDING | J14: Medium
... A17: AG-15 | B17: Strategy Agents | C17: Agent embedded in Teams | D17: Strategy Agent configured for Microsoft Teams integration (April 2025 feature). | E17: 1. Open Microsoft Teams 2. Navigate to Strategy Agent app or channel 3. Type query in Teams chat | F17: Show me our top 5 regions by product revenue this year | G17: Agent responds directly in Teams chat with chart image and narrative. No need to open Strategy One separately. Response matches what would appear in Library. | I17: PENDING | J17: Medium

Sheet 📊 Auto Dashboard
A1: Auto Dashboard — Test Cases
A2: Test ID | B2: Feature | C2: Test Case Name | D2: Pre-conditions | E2: Test Steps | F2: Input / Query Text | G2: Expected Result | H2: Actual Result / Observation | I2: Status | J2: Severity | K2: Notes & Observations
A3: AD-01 | B3: Auto Dashboard | C3: Single chart from plain English | D3: Auto Dashboard enabled. Dataset AI-enabled with revenue and product category fields. | E3: 1. Open dossier in Edit mode or new dossier 2. Use Auto Dashboard feature 3. Type description 4. Accept generated visualization | F3: Create a bar chart of total revenue by product category for 2025 | G3: Bar chart generated with: correct data (revenue by product category), appropriate chart type (bar not pie for categories), correct title, axis labels, and data labels visible. | I3: PENDING | J3: High
A4: AD-02 | B4: Auto Dashboard | C4: Full multi-panel dashboard from description | D4: Dataset has revenue, cost ratio, transaction count, retention rate measures. | E4: 1. Invoke Auto Dashboard for full page 2. Type multi-metric description 3. Evaluate completeness of generated output | F4: Build an revenue performance dashboard showing revenue, cost ratio, transaction count, and retention rate | G4: Dashboard generated with 4 panels minimum. Each metric gets appropriate viz type: KPI cards for single numbers, bar for breakdowns, line for trends. Layout is organized and readable. | I4: PENDING | J4: High
A5: AD-03 | B5: Auto Dashboard | C5: Dashboard with pre-applied filter | D5: Dataset has region/state dimension. Auto Dashboard available. | E5: 1. Request dashboard with specific filter in description 2. Verify filter is applied in output | F5: Create a product line A overview dashboard filtered to Region 1 only | G5: Generated dashboard shows filter indicator for Region 1. All panels show only Region 1 data. Filter is visible and editable by user after generation. | I5: PENDING | J5: High
A6: AD-04 | B6: Auto Dashboard | C6: Time series multi-metric | D6: Dataset has monthly time grain with new business, renewals, cancellation metrics. | E6: 1. Request time-based multi-metric dashboard 2. Verify time axis and all three series present | F6: Build a trend dashboard showing monthly new business revenue, renewals, and churn for the last 12 months | G6: Line or multi-series chart showing all three metrics on same time axis over 12 months. Legend distinguishes the three series. X-axis shows month/year labels. | I6: PENDING | J6: High
A7: AD-05 | B7: Auto Dashboard | C7: Year-over-year comparison dashboard | D7: Dataset has 2+ years of historical data. Date dimension available. | E7: 1. Request YoY comparison dashboard 2. Verify both periods present 3. Check variance is shown | F7: Create a dashboard comparing Q4 2025 performance vs Q4 2024 across all key metrics | G7: Side-by-side or variance view showing current Q4 vs prior Q4 for revenue, cost ratio, and transaction count. % change visible. Current period clearly labeled. | I7: PENDING | J7: High
A8: AD-06 | B8: Auto Dashboard | C8: Generate chapter/full dossier from description | D8: User has permission to create new dossiers. Dataset connected. | E8: 1. Use Auto Dashboard at chapter level 2. Provide comprehensive topic description 3. Evaluate full generated dossier | F8: Create a complete product line A executive summary with performance overview, geographic breakdown, and month-over-month trend | G8: Multi-page/chapter dossier generated with: page 1 = executive summary KPIs, page 2 = geographic breakdown, page 3 = trend charts. Navigation between chapters works. | I8: PENDING | J8: Medium
A9: AD-07 | B9: Auto Dashboard | C9: Visualization type selection accuracy | D9: Dataset has multiple metric types: ratio, count, amount, trend. | E9: 1. Request dashboard without specifying chart type 2. Observe what types Auto Dashboard selects 3. Evaluate appropriateness | F9: Build a dashboard showing cost ratio (metric), total transactions (count), revenue by region (breakdown), and monthly trend | G9: Cost ratio = KPI card or gauge, Transaction count = KPI card, Revenue by region = map or bar chart, Monthly trend = line chart. Auto Dashboard selects contextually appropriate types. | I9: PENDING | J9: High
A10: AD-08 | B10: Auto Dashboard | C10: Edit generated dashboard | D10: Auto Dashboard has generated a dashboard in prior test. | E10: 1. Accept auto-generated dashboard 2. Manually modify chart type 3. Add filter panel 4. Save | F10: Change the bar chart to a pie chart and add a date range filter | G10: User can modify generated dashboard like any manually built dossier. Changes save correctly. Dashboard behaves as normal after generation — no special restrictions. | I10: PENDING | J10: Medium

Sheet 📝 Narratives & Summary
A1: Narratives & Summary — Test Cases
A2: Test ID | B2: Feature | C2: Test Case Name | D2: Pre-conditions | E2: Test Steps | F2: Input / Query Text | G2: Expected Result | H2: Actual Result / Observation | I2: Status | J2: Severity | K2: Notes & Observations
A3: NS-01 | B3: Auto Narratives | C3: KPI narrative — single number | D3: Auto Narratives enabled on dossier. Dossier has a KPI card visualization. | E3: 1. Open dossier with KPI visualization 2. Enable Auto Narratives if needed 3. Read the generated narrative | F3: KPI card showing Total Total Revenue: $1.24B YTD | G3: 2-3 sentence narrative generated: states the number in business language, compares to prior period, calls out growth or decline. Example: 'Total total revenue reached $1.24B year-to-date, representing an 8.3% increase versus the same period last year, driven primarily by growth in product line A.' | I3: PENDING | J3: High
A4: NS-02 | B4: Auto Narratives | C4: Trend chart narrative — anomaly detection | D4: Dossier has line chart with 12+ months of data including a visible anomaly (spike or drop). | E4: 1. Open dossier with trend chart 2. Check auto-generated narrative 3. Verify anomaly is mentioned | F4: Monthly cost ratio chart: 12 months, visible spike in month 8 | G4: Narrative identifies the spike, quantifies it (e.g., 'Cost ratio spiked to 89% in August, 14 points above the trailing average'), and contextualizes it. Does NOT ignore the anomaly. | I4: PENDING | J4: High
A5: NS-03 | B5: Auto Narratives | C5: Comparison chart narrative | D5: Dossier has bar chart comparing 4+ geographic regions. | E5: 1. Open regional comparison chart 2. Check narrative 3. Verify key finding is called out | F5: Bar chart showing revenue by region: Region 1, Region 2, Region 4, West | G5: Narrative identifies the leading region, quantifies the lead, and may note concentration risk. Example: 'Region 1 leads with $420M in revenue, representing 34% of total — 2.1x the next largest region.' | I5: PENDING | J5: High
A6: NS-04 | B6: Auto Narratives | C6: Decimal formatting in narrative | D6: Dossier has chart showing cost ratio as decimal (0.73) not percentage. | E6: 1. Open chart with decimal ratio value 2. Check narrative language | F6: Chart showing cost ratio value = 0.73 | G6: Narrative states '73% cost ratio' — NOT '0.73 cost ratio'. AI correctly converts decimal to business percentage format in natural language. | I6: PENDING | J6: High
A7: NS-05 | B7: Auto Narratives | C7: Multi-metric dashboard narrative | D7: Dossier has multiple visualizations. Auto Narratives enabled at dossier level. | E7: 1. Open multi-viz dossier 2. Check if narrative covers all key metrics 3. Check coherence across panels | F7: Dashboard with 4 panels: revenue, cost ratio, transaction count, retention rate | G7: Narrative synthesizes all four metrics into a coherent paragraph rather than describing each independently. Identifies overall business story across the metrics. | I7: PENDING | J7: Medium
A8: NS-06 | B8: Auto Narratives | C8: Narrative updates when filter changes | D8: Dossier has filter/selector element. Auto Narratives enabled. | E8: 1. Open dossier with default filter (all lines) 2. Read narrative 3. Change filter to specific Product Category 4. Check if narrative updates | F8: Filter dossier to Product Line B only — observe narrative change | G8: Narrative automatically updates to reflect the filtered view. New narrative references Product Line B specifically, not 'all lines'. Update is near-instant. | I8: PENDING | J8: High
A9: NS-07 | B9: Auto Summary | C9: Dossier-level executive summary | D9: Auto Summary feature available (distinct from narrative on individual charts). | E9: 1. Open full dossier 2. Access Auto Summary function 3. Read generated summary | F9: Generate summary for 8-panel business performance dossier | G9: Produces a 3-5 sentence executive summary of the entire dossier — not just individual charts. Synthesizes the business story across all panels. Suitable for pasting into executive email. | I9: PENDING | J9: High
A10: NS-08 | B10: Auto Summary | C10: Summary in plain business language | D10: Dataset contains technical field names (e.g. col_rev_amt, eff_dt, stat_cd). | E10: 1. Generate summary on dossier using technical-named dataset 2. Check if narrative uses business language or technical names | F10: Generate summary when dataset columns are named: rev_amt, los_ratio, eff_dt | G10: Summary uses business language: 'revenue amount', 'cost ratio', 'effective date' — NOT the raw column names. AI translates technical names to readable business language. | I10: PENDING | J10: High
A11: NS-09 | B11: Auto Narratives | C11: Narrative accuracy — math check | D11: KPI card shows a calculated metric (e.g. 73.4% cost ratio). | E11: 1. Note the exact value shown in the chart 2. Read the narrative 3. Verify numbers in narrative match chart | F11: Chart shows: Cost Ratio = 73.4% | G11: Narrative states '73.4%' — not a rounded or approximated value. All numbers in the narrative match the data shown in the visualization exactly. | I11: PENDING | J11: High
A12: NS-10 | B12: Auto Narratives | C12: Narrative for zero / no-data state | D12: Dossier filtered to a segment with no data or zero values. | E12: 1. Apply filter that results in zero or null data 2. Observe narrative behavior | F12: Filter to a product category with no 2025 policies | G12: Narrative handles zero/null gracefully: states 'No data available for this selection' or 'This product category had no activity in the selected period' — does NOT hallucinate a number or produce a confusing statement. | I12: PENDING | J12: Medium

Sheet 🔮 HyperIntelligence
A1: HyperIntelligence — Test Cases
A2: Test ID | B2: Feature | C2: Test Case Name | D2: Pre-conditions | E2: Test Steps | F2: Input / Query Text | G2: Expected Result | H2: Actual Result / Observation | I2: Status | J2: Severity | K2: Notes & Observations
A3: HI-01 | B3: HyperIntelligence | C3: Browser extension installation | D3: Chrome or Edge browser. Access to Strategy One admin to get extension. | E3: 1. Install HyperIntelligence browser extension 2. Log in with Strategy One credentials 3. Verify extension active | F3: Navigate to any internal web page after installing extension | G3: Extension icon visible in browser toolbar. Extension shows 'Connected' status. No errors in extension console. | I3: PENDING | J3: High
A4: HI-02 | B4: HyperIntelligence | C4: Keyword highlighting on web page | D4: HyperCard configured for 'Transaction Number' keyword type. Extension active. | E4: 1. Navigate to core operational system or any page with a record ID 2. Check if record IDs are underlined/highlighted | F4: Navigate to page containing record ID: REC-2025-00123 | G4: Transaction number is automatically underlined or highlighted by HyperIntelligence. Visual indicator shows data is available. No manual action required. | I4: PENDING | J4: High
A5: HI-03 | B5: HyperIntelligence | C5: HyperCard popup on hover | D5: HyperCard configured with record ID as keyword. Dataset has revenue, status, end date. | E5: 1. Navigate to page with record ID 2. Hover over the highlighted record ID 3. Observe popup card | F5: Hover over record ID REC-2025-00123 | G5: Popup card appears within 2 seconds showing: Record status, Revenue amount, End date, Cost history summary — all pulled from Strategy One dataset in real time. | I5: PENDING | J5: High
A6: HI-04 | B6: HyperIntelligence | C6: HyperCard on sales rep name in email | D6: HyperCard configured for sales rep name. Extension enabled on email client. | E6: 1. Open Outlook or Gmail with email containing sales rep name 2. Hover over sales rep name | F6: Hover over sales rep name 'ABC Business Agency' in Outlook email | G6: HyperCard appears showing sales rep's portfolio summary: revenue volume, transaction count, retention rate, recent performance. | I6: PENDING | J6: High
A7: HI-05 | B7: HyperIntelligence | C7: Escalate to Agent chat from HyperCard | D7: HyperCard configured with Agent integration. Agent has full claim history dataset. | E7: 1. Open HyperCard by hovering over record ID 2. Click to expand Agent chat 3. Ask follow-up question | F7: From HyperCard: 'Has this account had any costs over $100,000 in the last 5 years?' | G7: Agent responds in the HyperCard context using the record ID as implicit filter. Answers the question without requiring user to restate the record ID. Response is accurate. | I7: PENDING | J7: High
A8: HI-06 | B8: HyperIntelligence | C8: HyperCard on Salesforce CRM field | D8: Salesforce CRM accessible in browser. HyperCard configured for account name. | E8: 1. Open CRM account record 2. Check if account name is highlighted 3. Hover to see HyperCard | F8: View CRM account: 'ACME Corp' | G8: Account name highlighted in Salesforce. HyperCard shows Strategy One data for this account: revenue, cost ratio, end date. Pulls data by matching account name. | I8: PENDING | J8: Medium
A9: HI-07 | B9: HyperIntelligence | C9: Security — data permission enforcement | D9: User A has access to Region 1 data only. User B has full access. Same HyperCard. | E9: 1. Log in as User A with restricted permissions 2. Hover over transaction in other region 3. Check what HyperCard shows | F9: User A hovers over transaction from Region 3 region (no permission) | G9: HyperCard shows only Region 1 data this user is permitted to see. Region 3 transaction data NOT shown. System enforces Strategy One row-level security through HyperIntelligence. | I9: PENDING | J9: High
A10: HI-08 | B10: HyperIntelligence | C10: HyperCard with Mosaic Model | D10: December 2025 feature: Mosaic Models can power Hyper Cards. | E10: 1. Configure HyperCard using Mosaic Model as data source 2. Navigate to page with keyword 3. Hover and observe card | F10: HyperCard powered by Mosaic Model for account insights | G10: HyperCard displays richer multi-dataset insights enabled by Mosaic Model. Can show metrics from multiple connected datasets in one card. | I10: PENDING | J10: High

Sheet 🌐 Universal Agent
A1: Universal Agent — Test Cases
A2: Test ID | B2: Feature | C2: Test Case Name | D2: Pre-conditions | E2: Test Steps | F2: Input / Query Text | G2: Expected Result | H2: Actual Result / Observation | I2: Status | J2: Severity | K2: Notes & Observations
A3: UA-01 | B3: Universal Agent | C3: Basic cross-domain question routing | D3: Universal Agent configured with at least 2 sub-agents: Revenue Agent and Cost Agent. | E3: 1. Open Universal Agent 2. Ask question spanning two domains 3. Observe how routing works | F3: Which accounts have the highest revenue AND the highest cost ratio? | G3: Universal Agent correctly identifies: 'highest revenue' → Revenue Agent, 'highest cost ratio' → Cost Agent. Queries both. Returns unified answer combining data from both agents. | I3: PENDING | J3: High
A4: UA-02 | B4: Universal Agent | C4: Single question — correct agent routing | D4: Universal Agent has 3 sub-agents: Revenue, Costs, Finance. | E4: 1. Ask question relevant to one specific domain 2. Verify Universal Agent routes to correct sub-agent only | F4: How many new category A transactions were written in Q4 2025? | G4: Universal Agent routes exclusively to Revenue Agent (not Costs or Finance). Returns correct new business transaction count. Routing label or indicator shows which agent was used. | I4: PENDING | J4: High
A5: UA-03 | B5: Universal Agent | C5: Multi-domain aggregated answer | D5: Universal Agent with separate agents for new business and costs. | E5: 1. Ask question requiring data from exactly 2 agents 2. Verify both sources contribute to answer | F5: How many new transactions were written this month and what was our total costs paid this month? | G5: Returns two answers in one response: new transaction count from Revenue Agent + costs paid from Cost Agent. Both figures clearly labeled. Not confused. | I5: PENDING | J5: High
A6: UA-04 | B6: Universal Agent | C6: Context preservation across agents | D6: Universal Agent supports multi-turn conversation. Prior query returned cross-agent result. | E6: 1. Ask initial cross-domain question (UA-01) 2. Ask follow-up referencing prior result | F6: After UA-01: Now filter that list to product line B accounts only | G6: Universal Agent maintains context across agents: applies the product line B filter to the combined result from the previous question. Does not require user to restate both metrics. | I6: PENDING | J6: High
A7: UA-05 | B7: Universal Agent | C7: Universal Agent routing transparency | D7: Universal Agent has routing explanation or tracing feature. | E7: 1. Ask cross-domain question 2. Check if Universal Agent shows which sub-agents were queried 3. Evaluate transparency of routing | F7: What is our combined cost ratio and retention count for this quarter? | G7: Response shows or allows user to see: which agents were queried (e.g. 'Queried: Cost Agent, Renewal Agent'), what each returned, and how combined. Transparent routing builds trust. | I7: PENDING | J7: Medium
A8: UA-06 | B8: Universal Agent | C8: Universal Agent — question for unknown domain | D8: Universal Agent has limited sub-agents. Question is outside all configured domains. | E8: 1. Ask question no sub-agent covers 2. Observe Universal Agent behavior | F8: What is the restricted metric by department this year? | G8: Universal Agent responds gracefully: states it does not have HR/restricted data available. Does NOT hallucinate. Offers to answer related questions it CAN handle. | I8: PENDING | J8: High
A9: UA-07 | B9: Universal Agent | C9: Performance — response time for multi-agent query | D9: Universal Agent configured with 3+ sub-agents. | E9: 1. Ask complex question requiring 3 agents 2. Time the response 3. Note any performance issues | F9: Show me revenue, cost ratio, and new transaction count for Q4 2025 broken down by product category | G9: Response returned within 15 seconds for a 3-agent query. No timeout. No partial response. Complete answer with all three metrics. | I9: PENDING | J9: High

Sheet 📄 Mosaic & Models
A1: Mosaic & Models — Test Cases
A2: Test ID | B2: Feature | C2: Test Case Name | D2: Pre-conditions | E2: Test Steps | F2: Input / Query Text | G2: Expected Result | H2: Actual Result / Observation | I2: Status | J2: Severity | K2: Notes & Observations
A3: MM-01 | B3: Mosaic Models | C3: Create AI-enabled dataset | D3: Workstation access. Existing dataset available in project. | E3: 1. Open Workstation 2. Find dataset 3. Enable for AI 4. Observe auto-generated descriptions | F3: Enable sales_fact table dataset for AI in Workstation | G3: Dataset AI-enabled. System auto-generates column descriptions for every column. Descriptions are in business language (not just column names). Takes < 5 minutes. | I3: PENDING | J3: High
A4: MM-02 | B4: Mosaic Models | C4: Mosaic Model creation from natural language | D4: Mosaic Studio available. Connected to data source. | E4: 1. Open Mosaic Studio 2. Describe data model in plain English 3. Review generated model | F4: Describe model: 'Business revenue data with transaction, account, agent, and date dimensions' | G4: Mosaic generates data model structure with: fact table (revenue), dimension tables (transaction, account, sales rep, date), relationships between them. Model is editable after generation. | I4: PENDING | J4: High
A5: MM-03 | B5: Mosaic Models | C5: AI-native time intelligence — period over period | D5: Mosaic Model with date dimension. Time intelligence feature enabled (Dec 2025). | E5: 1. In Mosaic or Agent powered by Mosaic, request YoY metric 2. Check that correct periods calculated | F5: Create a metric for year-over-year revenue growth | G5: Mosaic generates correct period-over-period calculation without manual metric building. YoY formula correctly handles year boundary. Metric available in all connected agents. | I5: PENDING | J5: High
A6: MM-04 | B6: Mosaic Models | C6: Mosaic Model linking — cross-model attributes | D6: Two separate Mosaic Models exist: Revenue Model and Cost Model. | E6: 1. Open Mosaic Model management 2. Create link between shared attribute (Account ID) 3. Test cross-model query | F6: Link Account ID between Revenue Model and Cost Model | G6: Models linked via Account ID. Agent powered by linked models can answer questions spanning both: 'Show me revenue and cost history for account X' — pulling from both models via the link. | I6: PENDING | J6: High
A7: MM-05 | B7: Mosaic Models | C7: Mosaic Model as Agent dataset | D7: Mosaic Model created and AI-enabled. Agent creation screen available. | E7: 1. Create new Agent 2. Select Mosaic Model as dataset source 3. Ask question through agent | F7: Create Agent using Mosaic Revenue Model as dataset | G7: Agent successfully created using Mosaic Model. Questions through this agent use the business logic and relationships defined in the Mosaic Model. Results match expected output. | I7: PENDING | J7: High
A8: MM-06 | B8: Mosaic Models | C8: Mosaic Model for HyperCard — December 2025 feature | D8: Mosaic Model created. HyperIntelligence configured. | E8: 1. Configure HyperCard to use Mosaic Model as data source 2. Hover on keyword 3. Observe richer card content | F8: Configure HyperCard for Account Name using Mosaic Model with cross-dataset insights | G8: HyperCard powered by Mosaic Model shows richer insights than standard dataset card: can display metrics from multiple linked datasets in one card (e.g. revenue + costs + renewals all together). | I8: PENDING | J8: High
A9: MM-07 | B9: Mosaic Models | C9: Semantic consistency across agents | D9: Same Mosaic Model used by two different Agents: Agent A and Agent B. | E9: 1. Ask identical question to Agent A 2. Ask identical question to Agent B 3. Compare results | F9: Ask both agents: 'What is our cost ratio for product line A in 2025?' | G9: Both agents return the SAME number for the same question. Mosaic semantic layer ensures one version of the truth. No inconsistency between agents on the same metric. | I9: PENDING | J9: High
A10: MM-08 | B10: Mosaic Models | C10: Custom business term annotation | D10: Mosaic Model has editable column descriptions. | E10: 1. Add business term definition to column description 2. Ask Agent question using the business term | F10: Add: 'rev_amt = Annualized Total Revenue (not earned). Excludes adjustments.' Then ask: 'What is our total revenue?' | G10: Agent uses the annotated definition. Returns total revenue (not earned). If user asks for recognized revenue, Agent differentiates correctly based on the annotation. | I10: PENDING | J10: Medium

Sheet 🏛️ Sentinel & Govern
A1: Sentinel & Govern — Test Cases
A2: Test ID | B2: Feature | C2: Test Case Name | D2: Pre-conditions | E2: Test Steps | F2: Input / Query Text | G2: Expected Result | H2: Actual Result / Observation | I2: Status | J2: Severity | K2: Notes & Observations
A3: SG-01 | B3: Mosaic Sentinel | C3: Audit log — every AI query recorded | D3: Mosaic Sentinel deployed and configured. Audit logging enabled. | E3: 1. Ask any Agent a question 2. Open Sentinel audit log 3. Verify query is recorded | F3: Ask Agent: 'What is our Q4 cost ratio?' then check Sentinel audit trail | G3: Audit log entry created for the query showing: user who asked, timestamp, question text, which agent was used, which datasets queried, result summary. Tamper-proof. | I3: PENDING | J3: High
A4: SG-02 | B4: Mosaic Sentinel | C4: Row-level security enforcement in AI responses | D4: User A has permission for Region 1 only. Agent configured with full dataset. | E4: 1. Log in as User A 2. Ask Agent for national total 3. Verify response only shows permitted data | F4: User A asks: 'What is our total total revenue across all regions?' | G4: Agent returns total for Region 1 only (User A's permitted scope). Does NOT show national total or other regions. Sentinel / row-level security enforced through the AI layer. | I4: PENDING | J4: High
A5: SG-03 | B5: Mosaic Sentinel | C5: Real-time anomaly detection alert | D5: Sentinel anomaly detection enabled. Baseline data access patterns established. | E5: 1. Perform an unusual data access pattern (e.g. bulk query of sensitive fields) 2. Check Sentinel for alert | F5: Run 50 rapid queries on PII fields in quick succession | G5: Sentinel detects anomalous pattern and generates alert. Alert includes: user, time, queries involved, risk score. Recommended action shown. | I5: PENDING | J5: Medium
A6: SG-04 | B6: Mosaic Sentinel | C6: GDPR compliance tracking | D6: Sentinel GDPR automation enabled. Dataset contains PII (name, address, DOB). | E6: 1. Access report containing PII fields 2. Check Sentinel for GDPR log entry 3. Review data subject record | F6: Access customer PII data through any Agent or dossier | G6: Sentinel records the PII access with: data subject identifier, fields accessed, purpose, user, timestamp. Supports GDPR Article 30 records. | I6: PENDING | J6: Medium
A7: SG-05 | B7: Mosaic Sentinel | C7: Tamper-proof audit trail | D7: Audit log has been written. Admin access available. | E7: 1. Attempt to delete or modify an audit log entry 2. Attempt through database or UI | F7: Try to delete or edit a Sentinel audit log entry | G7: System prevents deletion or modification of audit log entries. Entries are immutable. Any attempt to modify is itself logged as a security event. | I7: PENDING | J7: High
A8: SG-06 | B8: Mosaic Sentinel | C8: Usage intelligence — model consumption tracking | D8: Sentinel Usage Intelligence enabled. Multiple agents in use for > 1 week. | E8: 1. Open Sentinel usage dashboard 2. Review model and agent consumption metrics | F8: View which agents and Mosaic models are used most frequently | G8: Usage Intelligence shows: query volume per agent, most-used datasets, most-asked question categories, user adoption rate. Helps prioritize governance effort on high-use models. | I8: PENDING | J8: Medium

Sheet 🔊 Voice & MCP
A1: Voice & MCP — Test Cases
A2: Test ID | B2: Feature | C2: Test Case Name | D2: Pre-conditions | E2: Test Steps | F2: Input / Query Text | G2: Expected Result | H2: Actual Result / Observation | I2: Status | J2: Severity | K2: Notes & Observations
A3: VM-01 | B3: AI Voice | C3: Basic voice query — web browser | D3: AI Voice feature enabled in Strategy One. Microphone permission granted. | E3: 1. Open Strategy Agent in browser 2. Click voice input button 3. Speak query 4. Observe response | F3: Speak: 'Show me our total revenue for Q4 2025' | G3: Voice converted to text accurately. Agent responds with correct answer and visualization. Response matches what typed query would produce. | I3: PENDING | J3: High
A4: VM-02 | B4: AI Voice | C4: Voice query on mobile app | D4: Strategy One mobile app installed. AI Voice enabled. December 2025 release. | E4: 1. Open Strategy mobile app 2. Navigate to Agent 3. Use voice input 4. Observe | F4: Speak on mobile: 'What is our cost ratio for product line A this year?' | G4: Voice recognized accurately on mobile device. Response delivered in mobile-optimized format. Chart visible on phone screen. Hands-free capability confirmed. | I4: PENDING | J4: High
A5: VM-03 | B5: AI Voice | C5: Voice accuracy — business terminology | D5: AI Voice enabled. Test with domain-specific terms. | E5: 1. Speak a query containing business-specific terms 2. Check transcription accuracy | F5: Speak: 'Show me cost ratio for product category X in Region 2' | G5: Business terms transcribed correctly: 'product category X', 'cost ratio', 'Region 2'. No misinterpretation of domain terms. Query executes correctly. | I5: PENDING | J5: High
A6: VM-04 | B6: MCP Integration | C6: MCP connection to Strategy Agents | D6: MCP (Model Context Protocol) integration configured in December 2025 release. | E6: 1. Configure MCP connection in Strategy One settings 2. Connect external LLM (Claude or Copilot) 3. Test Agent discovery | F6: Connect Claude via MCP to discover and interact with Strategy Agents | G6: External LLM successfully discovers Strategy Agents via MCP. Can list available agents. Can route questions to appropriate agent. Returns Strategy data through the external LLM interface. | I6: PENDING | J6: High
A7: VM-05 | B7: MCP Integration | C7: MCP — real-time agent interaction from Copilot | D7: MCP configured. Microsoft Copilot set up as MCP client. | E7: 1. Open Microsoft Copilot (or other MCP client) 2. Ask question that should route to Strategy Agent 3. Observe response | F7: Ask in Copilot: 'What is our product line A cost ratio from Strategy?' | G7: Copilot routes to Strategy Agent via MCP. Returns answer with Strategy data. User does not need to leave Copilot. Cross-platform intelligence confirmed. | I7: PENDING | J7: High
A8: VM-06 | B8: MCP Integration | C8: MCP security — permissions respected | D8: User with limited data access. MCP connection established. | E8: 1. Connect external LLM via MCP with limited-permission user credentials 2. Ask for data outside permissions | F8: Ask via MCP for data the user is not permitted to see | G8: MCP connection respects Strategy One user permissions. External LLM cannot access data the connected user is not permitted to see. Security boundary is enforced through MCP. | I8: PENDING | J8: High
A9: VM-07 | B9: AI Voice | C9: Voice — multi-step question | D9: AI Voice enabled. Agent supports multi-turn conversation. | E9: 1. Ask initial voice question 2. Follow up with second voice question referencing first 3. Check context maintained | F9: Voice: 'Show me revenue by region' then 'Now sort by highest cost ratio' | G9: Agent maintains conversation context through voice queries. Second voice question applies correctly to result of first query without needing full restatement. | I9: PENDING | J9: Medium

Sheet 📋 Observations Log
A1: Observations, Issues & Workarounds Log
A2: Date | B2: Tester | C2: Feature | D2: Test ID | E2: Observation / Issue | F2: Severity | G2: Impact on Use Case | H2: Workaround Found? | I2: Workaround Description | J2: Action Required
C3: Strategy Agents | D3: AG-05 | E3: Agent does not recognize 'active book' — returns error asking for clarification. Business term annotation needed. | F3: High | G3: Business users use shorthand regularly. Will need annotation layer setup. | H3: Yes | I3: Add 'active book = records with status IN (ACTIVE, RENEWED)' to Mosaic model description | J3: Admin to add business term annotations to Mosaic dataset
C4: Auto Dashboard | D4: AD-02 | F4: Medium
C5: HyperIntelligence | D5: HI-01 | F5: High

Sheet 📖 Testing Guide
A1: How To Use This Tracker
A3: STEP 1 — SETUP
A4: • Fill in Tester Info on the Dashboard tab (your name, environment, date)
A5: • Make sure you have the December 2025 Strategy One (Workstation) version installed
A6: • Confirm you have at least one AI-enabled dataset in your project before starting
A7: • For HyperIntelligence tests: install Chrome or Edge extension first (HI-01)
A8: • For Voice tests: ensure microphone permission granted in browser
A9: • For MCP tests: MCP connection must be configured by admin
A11: STEP 2 — RUN TESTS
A12: • Go to each feature tab (🤖 Agents, 📊 Auto Dashboard, etc.)
A13: • Read Pre-conditions column first — skip tests where pre-conditions are not met, mark as BLOCKED
A14: • Follow the Test Steps exactly as written
... A48: • Auto Dashboard generates SQL that scans full table — performance issue
